"0","library(ggplot2)"
"0",""
"0","# Assuming sentiment_counts is your data frame and is correctly populated"
"0","# Arrange the data frame based on net_score in descending order"
"0","sentiment_counts <- sentiment_counts[order(sentiment_counts$net_score, decreasing = TRUE), ]"
"0",""
"0","# Calculate percentiles based on the number of observations"
"0","n <- nrow(sentiment_counts)"
"0","percentiles <- seq(0, 100, by = 10)"
"0","percentile_labels <- as.character(quantile(seq(1, n), probs = percentiles / 100))"
"0",""
"0","# Reorder factor levels based on net_score"
"0","sentiment_counts$artist_id <- factor(sentiment_counts$artist_id, levels = sentiment_counts$artist_id)"
"0",""
"0","# Calculate evenly spaced tick marks for the x-axis"
"0","ticks <- quantile(seq_along(sentiment_counts$artist_id), probs = seq(0, 1, by = 0.1))"
"0","tick_labels <- seq(0, 100, by = 10)  # Custom labels for the ticks"
"0",""
"0","# Create the bar chart"
"0","ggplot(sentiment_counts, aes(x = artist_id, y = net_score, fill = factor(net_score > 0, labels = c(""red"", ""green"")))) +"
"0","  geom_bar(stat = ""identity"") +"
"0","  labs(title = ""Net Sentiment Score Across Artists"","
"0","       x = NULL,  # Remove x-axis label"
"0","       y = ""Net Sentiment Score"") +"
"0","  theme_minimal() +"
"0","  theme(axis.text.x = element_blank(),  # Remove x-axis labels"
"0","        axis.ticks.x = element_blank()) +  # Remove x-axis ticks"
"0","  scale_x_discrete(breaks = ticks,"
"0","                   labels = tick_labels)  # Set evenly spaced tick marks with custom labels"
