"0",""
"0","unique_words <- aggregate(text_combined ~ artist, data = all_artists_df, FUN = function(x) length(unique(unlist(strsplit(x, ""\\s+"")))))"
"0",""
"0","# Compute the frequency of each artist in df_songs$artist"
"0","artist_counts <- as.data.frame(table(df_songs$artist), stringsAsFactors = FALSE)"
"0","colnames(artist_counts) <- c(""artist"", ""num_songs"")"
"0",""
"0","# Merge artist counts with unique_words dataframe"
"0","unique_words <- merge(unique_words, artist_counts, by = ""artist"", all.x = TRUE)"
"0",""
"0","# View the updated unique_words dataframe"
"0","head(unique_words)"
